Feature,Correlation,Abs_Correlation,P_Value,Significant
PhysicalHealthDays,0.1870638975862533,0.1870638975862533,0.0,Yes
BMI,0.043283040881264785,0.043283040881264785,1.5432306759395682e-183,Yes
WeightInKilograms,0.0398210263249918,0.0398210263249918,1.2082892517804374e-155,Yes
MentalHealthDays,0.03951444975524991,0.03951444975524991,2.755470388535715e-153,Yes
SleepHours,0.009967264400662392,0.009967264400662392,2.9283976685578454e-11,Yes
HeightInMeters,0.0012234342403220637,0.0012234342403220637,0.4143563183916847,No
