Model,Accuracy,Precision,Recall,F1-Score,AUC-ROC
XGBoost,0.8775198970595244,0.4485679709560307,0.22763561924257933,0.3020097772949484,0.8154291069397248
